{"cameraMode":{"drawMode":0,"name":"Shaded","section":"Shading Mode"},"sceneLighting":true,"audioPlay":false,"sceneViewState":{"m_AlwaysRefresh":false,"showFog":true,"showSkybox":true,"showFlares":true,"showImageEffects":true,"showParticleSystems":true,"showVisualEffectGraphs":true,"m_FxEnabled":true},"in2DMode":false,"pivot":{"x":579.5099487304688,"y":323.23834228515627,"z":16.351062774658204},"rotation":{"x":0.05675368383526802,"y":0.08674931526184082,"z":-0.004950095899403095,"w":0.9946005344390869},"size":205.3009033203125,"orthographic":false}